{
	"class_name" : "PinholeCameraParameters",
	"extrinsic" : 
	[
		-0.52872506830930466,
		-0.23446792090216717,
		0.81576626322074397,
		0.0,
		0.77094819888073896,
		0.26941009189042692,
		0.57711097462285044,
		0.0,
		-0.35508967428505389,
		0.93404657081721942,
		0.038318752076855332,
		0.0,
		236.2319006139316,
		-171.40372909570891,
		186.32009743513856,
		1.0
	],
	"intrinsic" : 
	{
		"height" : 1055,
		"intrinsic_matrix" : 
		[
			913.65680099258282,
			0.0,
			0.0,
			0.0,
			913.65680099258282,
			0.0,
			959.5,
			527.0,
			1.0
		],
		"width" : 1920
	},
	"version_major" : 1,
	"version_minor" : 0
}